SITE_ID,SITE_NAME,STATE,IGBP,LAT,LON,ELEV,KOEPPEN,MAT,MAP,TOWER_BEGAN,TOWER_END,URL,DIST_COAST_KM,COASTAL_STATE,TIDAL_IGBP,ACTIVE
US-KS4,Kennedy Space Center (Spartina marsh),FL,WET,28.6,-80.7207,0.5,Cwa,22.3,1340,2017,,https://ameriflux.lbl.gov/sites/siteinfo/US-KS4,0.088,True,True,True
US-Nrs,Nisqually restoring,WA,WET,47.0936,-122.7079,8,Csb,10.3,1269,2017,,https://ameriflux.lbl.gov/sites/siteinfo/US-Nrs,0.163,True,True,True
US-GCE,Georgia Coastal Ecosystems LTER Flux Tower,GA,WET,31.4441,-81.2835,0.625,Cfa,19.83,1284,2013,,https://ameriflux.lbl.gov/sites/siteinfo/US-GCE,0.174,True,True,True
US-HRP,Herring River Phragmites,MA,WET,41.938,-70.0552,0.5,Dfb,9.9,1195,2017,2022,https://ameriflux.lbl.gov/sites/siteinfo/US-HRP,0.414,True,True,True
US-TaS,Taylor Slough/Panhandle,FL,WET,25.1908,-80.6391,3,Cwa,23.7,986.8,2016,2021,https://ameriflux.lbl.gov/sites/siteinfo/US-TaS,0.516,True,True,True
US-AC3,ARM-CRG-Bay,MD,WAT,38.838,-76.37,3,Cfa,,,2024,,https://ameriflux.lbl.gov/sites/siteinfo/US-AC3,0.525,True,True,True
US-PHM,Plum Island High Marsh,MA,WET,42.7423,-70.8301,1.4,Dfa,7.2,1262,2013,,https://ameriflux.lbl.gov/sites/siteinfo/US-PHM,0.607,True,True,True
US-RRC,Rice Rivers Center Marsh,VA,WET,37.3344,-77.2065,0.1,Dfa,15.4,1117,2017,,https://ameriflux.lbl.gov/sites/siteinfo/US-RRC,0.624,True,True,True
US-Tw4,Twitchell East End Wetland,CA,WET,38.1027,-121.6413,-5,Csa,15.6,421,2013,,https://ameriflux.lbl.gov/sites/siteinfo/US-Tw4,0.646,True,True,True
US-Nrf,Nisqually reference,WA,WET,47.0935,-122.6927,8,Csb,10.3,1269,2017,,https://ameriflux.lbl.gov/sites/siteinfo/US-Nrf,0.769,True,True,True
US-Tw5,East Pond Wetland,CA,WET,38.1072,-121.6426,-5,Csa,15.5,421,2018,2020,https://ameriflux.lbl.gov/sites/siteinfo/US-Tw5,1.02,True,True,True
US-KS3,Kennedy Space Center (salt marsh),FL,WET,28.7084,-80.7427,0,Cfa,22.3,1340,2017,2020,https://ameriflux.lbl.gov/sites/siteinfo/US-KS3,1.169,True,True,True
US-Tw1,Twitchell Wetland West Pond,CA,WET,38.1074,-121.6469,-5,Csa,15.5,421,2012,2023,https://ameriflux.lbl.gov/sites/siteinfo/US-Tw1,1.344,True,True,True
US-PLM,Plum Island Low Marsh,MA,WET,42.7345,-70.8382,1,Dfa,8.7,1262,2015,,https://ameriflux.lbl.gov/sites/siteinfo/US-PLM,1.347,True,True,True
US-VFP,Virginia Coast Reserve Fowling Point,VA,WET,37.4111,-75.8333,1,Cfa,14.05,1023.3,2014,,https://ameriflux.lbl.gov/sites/siteinfo/US-VFP,1.353,True,True,True
US-BSM,Barnstable Great Marsh,MA,WET,41.7297,-70.3644,0.5,Dfb,9.9,1195,2017,,https://ameriflux.lbl.gov/sites/siteinfo/US-BSM,1.416,True,True,True
US-StS,Strawberry Swamp,SC,WET,33.3302,-79.2492,0,Cfa,18.1,1300,2015,2016,https://ameriflux.lbl.gov/sites/siteinfo/US-StS,1.579,True,True,False
US-HRo,Herring River Old County,MA,WET,41.9601,-70.0563,0.406,Dfb,9.9,1195,2021,,https://ameriflux.lbl.gov/sites/siteinfo/US-HRo,1.614,True,True,True
US-Myb,Mayberry Wetland,CA,WET,38.0499,-121.765,-4,Csa,15.9,338,2010,,https://ameriflux.lbl.gov/sites/siteinfo/US-Myb,1.664,True,True,True
US-LCW,Los Cerritos Wetland,CA,WET,33.7522,-118.0971,0,Csa,18.28,305,2025,,https://ameriflux.lbl.gov/sites/siteinfo/US-LCW,1.755,True,True,True
US-SBR,Seal Beach National Wildlife Refuge,CA,WET,33.734,-118.0672,0,Csa,18.28,305,2025,,https://ameriflux.lbl.gov/sites/siteinfo/US-SBR,1.776,True,True,True
US-Brw,Barrow,AK,WET,71.3225,-156.6092,1.00,ET,-12.6,85,1998,,https://ameriflux.lbl.gov/sites/siteinfo/US-Brw,1.821,True,True,True
US-Dmg,Dutch Slough Marsh Gilbert Tract,CA,WET,38.0015,-121.6691,1,Csa,16.1,365,2021,,https://ameriflux.lbl.gov/sites/siteinfo/US-Dmg,1.958,True,True,True
US-LA3,Barataria Bay Saline Marsh,LA,WET,29.4936,-89.9153,0.2,Cfa,20.9,1623,2019,,https://ameriflux.lbl.gov/sites/siteinfo/US-LA3,1.983,True,True,True
US-Tx9,Sargent Unit Salt Marsh,TX,WET,28.7805,-95.6144,0,Cfa,21.15,1245,2017,,https://ameriflux.lbl.gov/sites/siteinfo/US-Tx9,2.194,True,True,True
US-Cms,Central Marsh,AK,WET,71.3202,-156.6223,6,ET,-12.6,274,1999,2005,https://ameriflux.lbl.gov/sites/siteinfo/US-Cms,2.35,True,True,False
US-MCP,"Moro Cojo Slough, PG&E Treatment Wetland",CA,WET,36.783,-121.769,0,Cfc,10,894,2023,,https://ameriflux.lbl.gov/sites/siteinfo/US-MCP,2.432,True,True,True
US-Bes,Barrow-Bes (Biocomplexity Experiment South tower),AK,WET,71.2809,-156.5965,4.60,ET,-12,173,2005,,https://ameriflux.lbl.gov/sites/siteinfo/US-Bes,3.082,True,True,True
US-EvM,Everglades Saltwater intrusion marsh,FL,WET,25.3539,-80.381,0.332,,24.2,1200,2020,,https://ameriflux.lbl.gov/sites/siteinfo/US-EvM,3.145,True,True,True
US-StJ,St Jones Reserve,DE,WET,39.0882,-75.4372,6.7,Cfa,13.5,1121,2015,,https://ameriflux.lbl.gov/sites/siteinfo/US-StJ,3.203,True,True,True
US-EDN,Eden Landing Ecological Reserve,CA,WET,37.6156,-122.114,,Csa,,,2018,,https://ameriflux.lbl.gov/sites/siteinfo/US-EDN,3.333,True,True,True
US-HB1,North Inlet Crab Haul Creek,SC,WET,33.3455,-79.1957,0.1,Cfa,18.3,1429,2017,,https://ameriflux.lbl.gov/sites/siteinfo/US-HB1,3.357,True,True,True
US-EKH,Elkhorn Slough Hester Marsh,CA,WET,36.8094,-121.7523,0.5,Csb,10,894,2022,,https://ameriflux.lbl.gov/sites/siteinfo/US-EKH,3.358,True,True,True
US-Beo,Barrow Environmental Observatory (BEO) tower,AK,WET,71.281,-156.6123,,ET,-11.3,72,2000,,https://ameriflux.lbl.gov/sites/siteinfo/US-Beo,3.504,True,True,True
US-xBA,NEON Barrow Environmental Observatory (BARR),AK,WET,71.2824,-156.6194,6,ET,-12,110,2017,,https://ameriflux.lbl.gov/sites/siteinfo/US-xBA,3.621,True,True,True
US-HB7,Hobcaw Barony Ghost Forest,SC,WET,33.3472,-79.1985,5,Cfa,18.3,1429,2025,,https://ameriflux.lbl.gov/sites/siteinfo/US-HB7,3.648,True,True,True
US-EKY,Elkhorn Slough Yampah Marsh,CA,WET,36.8105,-121.7487,0,Csb,10,894,2022,,https://ameriflux.lbl.gov/sites/siteinfo/US-EKY,3.691,True,True,True
US-SHS,Secaucus High School Site,NJ,WET,40.8052,-74.0457,1,Cfa,13.5,1120,2011,2013,https://ameriflux.lbl.gov/sites/siteinfo/US-SHS,4.257,True,True,False
US-MRM,Marsh Resource Meadowlands Mitigation Bank,NJ,WET,40.8164,-74.0435,1,Cfa,13.5,1120,2009,2019,https://ameriflux.lbl.gov/sites/siteinfo/US-MRM,4.746,True,True,False
US-HB4,Minim Creek Brackish Impoundment,SC,WET,33.2015,-79.2975,1,Cfa,18.3,1429,2020,,https://ameriflux.lbl.gov/sites/siteinfo/US-HB4,4.752,True,True,True
US-EKP,Elkhorn Slough Porter Marsh,CA,WET,36.8558,-121.7488,0,Csb,10,894,2022,,https://ameriflux.lbl.gov/sites/siteinfo/US-EKP,5.401,True,True,True
US-Tsm,"Port Arthur, TX Salt Marsh",TX,WET,29.7711,-93.9924,0.8,Cfa,20.9,1460,2025,,https://ameriflux.lbl.gov/sites/siteinfo/US-Tsm,5.779,True,True,True
US-HPY,Hawk Property,NJ,WET,40.7692,-74.0853,1,Cfa,11.5,1120,2012,2019,https://ameriflux.lbl.gov/sites/siteinfo/US-HPY,5.909,True,True,False
US-EKN,Elkhorn Slough North Marsh,CA,WET,36.8357,-121.7328,0,Cfc,10,894,2023,,https://ameriflux.lbl.gov/sites/siteinfo/US-EKN,5.916,True,True,True
US-Srr,Suisun marsh - Rush Ranch,CA,WET,38.2006,-122.0264,8,Csa,15.1,326,2014,,https://ameriflux.lbl.gov/sites/siteinfo/US-Srr,6.847,True,True,True
US-NC4,NC_AlligatorRiver,NC,WET,35.7817,-75.9135,1,Cfa,16.6,1311,2009,,https://ameriflux.lbl.gov/sites/siteinfo/US-NC4,6.899,True,True,True
US-PLo,Plum Island Oligohaline Marsh,MA,WET,42.7496,-70.9157,1.4,Dfa,8.7,1262,2022,,https://ameriflux.lbl.gov/sites/siteinfo/US-PLo,7.521,True,True,True
US-SJ2,San Joaquin (Freshwater Marsh Tower 2),CA,WET,33.6596,-117.855,3,,,,2003,,https://ameriflux.lbl.gov/sites/siteinfo/US-SJ2,7.772,True,True,True
US-SJ1,San Joaquin (Freshwater Marsh Tower 1),CA,WET,33.6623,-117.8514,3,,,,1999,,https://ameriflux.lbl.gov/sites/siteinfo/US-SJ1,8.167,True,True,True
